,Institution,Measure,Staff_Role,Mean,Standard_Deviation,Lower_Control_Limit,Upper_Control_Limit
0,100,AKI01,Attending,94.1875,3.1153884446871665,84.8413346659385,103.5336653340615
1,100,BP01,Attending,94.375,3.210366273948072,84.74390117815578,104.00609882184422
2,101,AKI01,Attending,94.1875,3.1153884446871665,84.8413346659385,103.5336653340615
3,101,BP01,Attending,94.375,3.210366273948072,84.74390117815578,104.00609882184422
