,Institution,Measure,Staff_Role,Mean,Standard_Deviation,Lower_Control_Limit,Upper_Control_Limit,Distribution
0,100,AKI01,Attending,94.1875,3.1153884446871665,84.8413346659385,103.5336653340615,False
1,100,BP01,Attending,94.375,3.210366273948072,84.74390117815578,104.00609882184422,False
2,101,AKI01,Attending,94.1875,3.1153884446871665,84.8413346659385,103.5336653340615,False
3,101,AKI01,CRNA,94.1875,3.1153884446871665,84.8413346659385,103.5336653340615,False
4,101,BP01,Attending,86.3125,19.971653298709924,26.397540103870227,146.22745989612977,False
5,101,BP01,CRNA,86.3125,19.971653298709924,26.397540103870227,146.22745989612977,False
